{"_id": ["60b7b8e8b68c984191a8e8bd"], "date_since": "2020-03-03 00:00:00", "search_words": ["astrazeneca", "pfizer"], "numTweets": 20, "numRuns": 2, "currentRun": 2, "positive_avg": 0.09200000000000001, "negative_avg": 0.042749999999999996, "neutral_avg": 0.86525}